id,h_dist
2,23.74511417836923
5,79.79805604274367
6,712.3537172836191
10,70.04715532721296
8,39.14851429843375
9,17.204517488283233
3,59.33103729844287
4,79.79805604274367
7,695.1372704640887
1,31.658729081046705
